id;title;description;found_at;lat;lon;contacts
1;Supervisor Berkshire;azure;2021-05-29T07:35:40;92;50;{"PHONE":"+12344568", "EMAIL":"test@example.com"}
2;SQL;haptic Bike;2021-05-28T21:18:56;35;63;{"PHONE":"1234", "EMAIL":"test@example.com", "INSTAGRAM":"@test"}
3;silver;Buckinghamshire Loan;2021-05-29T04:48:21;77;36;{"FACEBOOK":"https://www.facebook.com/test123"}
4;Bedfordshire;portal Sausages;2021-05-28T22:23:30;69;56;{"PHONE":"+12344568"}
5;Delaware;Shirt;2021-05-29T00:34:27;21;13;{"PHONE":"+12344568", "EMAIL":"test@example.com", "FACEBOOK":"https://www.facebook.com/test123"}
6;back backing;JBOD partnerships Spain;2021-05-29T12:12:53;35;33;{"PHONE":"1234", "EMAIL":"test@example.com"}
7;hub SSL Quality;Shirt out-of-the-box Triple-buffered;2021-05-29T03:48:24;16;90;{"PHONE":"1234", "EMAIL":"test@example.com"}
8;Chips;generating IB;2021-05-28T23:34:16;62;56;{"PHONE":"1234", "EMAIL":"test@example.com"}
9;Path calculate;synthesizing;2021-05-29T03:53:31;70;24;{"PHONE":"1234", "EMAIL":"test@example.com"}
10;RSS;impactful context-sensitive;2021-05-29T02:12:50;27;28;{"INSTAGRAM":"@test"}
